215523,69,72,72,803,801,,,215523,75,0,69,72,72,75.28125,75.09375
215533,67,70,70,804,791,,,,800,10,67,70,70,75.375,74.15625
215543,64,69,68,803,777,,,,,20,64,69,68,75.28125,72.84375
215553,60,66,65,803,772,,,,,30,60,66,65,75.28125,72.375
215563,57,62,62,803,769,,,,,40,57,62,62,75.28125,72.09375
215573,53,58,58,803,768,,,,,50,53,58,58,75.28125,72
215583,49,54,54,803,769,,,,,60,49,54,54,75.28125,72.09375
215593,46,50,50,802,767,,,,,70,46,50,50,75.1875,71.90625
215603,42,46,46,802,767,,,,,80,42,46,46,75.1875,71.90625
215613,38,43,43,803,768,,,,,90,38,43,43,75.28125,72
215623,35,39,39,802,765,,,,,100,35,39,39,75.1875,71.71875
215633,31,35,35,802,762,,,,,110,31,35,35,75.1875,71.4375
215643,28,31,31,803,754,,,,,120,28,31,31,75.28125,70.6875
215653,26,28,28,803,748,,,,,130,26,28,28,75.28125,70.125
215663,22,25,25,803,741,,,,,140,22,25,25,75.28125,69.46875
215673,19,22,23,802,731,,,,,150,19,22,23,75.1875,68.53125
215683,17,20,20,803,727,,,,,160,17,20,20,75.28125,68.15625
215693,15,18,17,802,721,,,,,170,15,18,17,75.1875,67.59375
215703,13,15,15,803,717,,,,,180,13,15,15,75.28125,67.21875
215713,12,13,12,803,716,,,,,190,12,13,12,75.28125,67.125
215723,11,11,11,803,715,,,,,200,11,11,11,75.28125,67.03125
215733,10,10,10,803,713,,,,,210,10,10,10,75.28125,66.84375
215743,10,10,10,802,712,,,,,220,10,10,10,75.1875,66.75
215753,10,10,9,803,711,,,,,230,10,10,9,75.28125,66.65625
215763,10,11,9,804,710,,,,,240,10,11,9,75.375,66.5625
215773,11,11,9,803,704,,,,,250,11,11,9,75.28125,66
215783,12,11,9,803,695,,,,,260,12,11,9,75.28125,65.15625
215793,13,12,9,803,686,,,,,270,13,12,9,75.28125,64.3125
215803,16,12,11,804,678,,,,,280,16,12,11,75.375,63.5625
215813,20,13,13,803,670,,,,,290,20,13,13,75.28125,62.8125
215823,25,16,16,805,664,,,,,300,25,16,16,75.46875,62.25
215833,31,20,20,803,658,,,,,310,31,20,20,75.28125,61.6875
215843,37,26,26,802,655,,,,,320,37,26,26,75.1875,61.40625
215853,43,33,32,803,652,,,,,330,43,33,32,75.28125,61.125
215863,48,40,39,802,650,,,,,340,48,40,39,75.1875,60.9375
215873,53,47,47,803,649,,,,,350,53,47,47,75.28125,60.84375
215883,57,54,53,803,647,,,,,360,57,54,53,75.28125,60.65625
215893,60,58,58,803,647,,,,,370,60,58,58,75.28125,60.65625
215903,63,60,61,803,642,,,,,380,63,60,61,75.28125,60.1875
215913,66,63,63,802,639,,,,,390,66,63,63,75.1875,59.90625
215923,68,65,65,802,634,,,,,400,68,65,65,75.1875,59.4375
215933,70,67,67,803,626,,,,,410,70,67,67,75.28125,58.6875
215943,71,69,68,803,620,,,,,420,71,69,68,75.28125,58.125
215953,71,71,70,803,613,,,,,430,71,71,70,75.28125,57.46875
215963,72,71,72,803,608,,,,,440,72,71,72,75.28125,57
215973,72,71,73,803,601,,,,,450,72,71,73,75.28125,56.34375
215982,72,71,73,803,598,,,,,459,72,71,73,75.28125,56.0625
215993,71,70,73,803,593,,,,,470,71,70,73,75.28125,55.59375
216003,70,70,73,802,587,,,,,480,70,70,73,75.1875,55.03125
216013,68,70,73,803,583,,,,,490,68,70,73,75.28125,54.65625
216023,66,70,73,803,578,,,,,500,66,70,73,75.28125,54.1875
216032,66,70,73,803,578,,,,,509,66,70,73,75.28125,54.1875
216043,60,70,73,803,567,,,,,520,60,70,73,75.28125,53.15625
216053,57,70,73,803,561,,,,,530,57,70,73,75.28125,52.59375
216062,57,70,73,803,556,,,,,539,57,70,73,75.28125,52.125
216073,48,70,73,803,548,,,,,550,48,70,73,75.28125,51.375
216083,43,70,73,802,544,,,,,560,43,70,73,75.1875,51
216092,43,70,73,803,540,,,,,569,43,70,73,75.28125,50.625
216103,35,70,73,803,535,,,,,580,35,70,73,75.28125,50.15625
216113,31,70,73,803,529,,,,,590,31,70,73,75.28125,49.59375
216123,28,70,73,802,523,,,,,600,28,70,73,75.1875,49.03125
216133,24,70,73,802,516,,,,,610,24,70,73,75.1875,48.375
216143,22,70,73,803,509,,,,,620,22,70,73,75.28125,47.71875
216153,18,70,73,803,501,,,,,630,18,70,73,75.28125,46.96875
216163,15,70,73,803,492,,,,,640,15,70,73,75.28125,46.125
216173,12,70,73,803,482,,,,,650,12,70,73,75.28125,45.1875
216183,10,70,73,803,474,,,,,660,10,70,73,75.28125,44.4375
216193,8,70,73,803,469,,,,,670,8,70,73,75.28125,43.96875
216202,8,70,73,803,464,,,,,679,8,70,73,75.28125,43.5
216213,4,70,73,803,462,,,,,690,4,70,73,75.28125,43.3125
216223,3,70,73,802,457,,,,,700,3,70,73,75.1875,42.84375
216233,2,70,73,803,454,,,,,710,2,70,73,75.28125,42.5625
216243,1,70,73,802,450,,,,,720,1,70,73,75.1875,42.1875
216253,0,70,73,803,447,,,,,730,0,70,73,75.28125,41.90625
216263,0,70,73,803,441,,,,,740,0,70,73,75.28125,41.34375
216273,0,70,73,803,437,,,,,750,0,70,73,75.28125,40.96875
216283,1,70,73,802,432,,,,,760,1,70,73,75.1875,40.5
216293,2,70,73,802,427,,,,,770,2,70,73,75.1875,40.03125
216303,3,70,73,803,423,,,,,780,3,70,73,75.28125,39.65625
216313,5,70,73,803,418,,,,,790,5,70,73,75.28125,39.1875
216323,8,70,73,803,415,,,,,800,8,70,73,75.28125,38.90625
216333,11,70,73,803,411,,,,,810,11,70,73,75.28125,38.53125
216343,15,70,73,802,408,,,,,820,15,70,73,75.1875,38.25
216352,15,70,73,803,405,,,,,829,15,70,73,75.28125,37.96875
216363,24,70,73,803,402,,,,,840,24,70,73,75.28125,37.6875
216373,30,70,73,802,398,,,,,850,30,70,73,75.1875,37.3125
216382,30,70,73,803,396,,,,,859,30,70,73,75.28125,37.125
216392,30,70,73,803,394,,,,,869,30,70,73,75.28125,36.9375
216402,30,70,73,803,392,,,,,879,30,70,73,75.28125,36.75
216413,45,70,73,803,389,,,,,890,45,70,73,75.28125,36.46875
216423,48,70,73,802,386,,,,,900,48,70,73,75.1875,36.1875
216433,50,70,73,803,381,,,,,910,50,70,73,75.28125,35.71875
216443,52,70,73,803,378,,,,,920,52,70,73,75.28125,35.4375
216453,54,70,73,803,373,,,,,930,54,70,73,75.28125,34.96875
216463,55,70,73,803,368,,,,,940,55,70,73,75.28125,34.5
216472,55,70,73,803,362,,,,,949,55,70,73,75.28125,33.9375
216483,58,70,73,802,356,,,,,960,58,70,73,75.1875,33.375
216493,58,70,73,803,351,,,,,970,58,70,73,75.28125,32.90625
216503,59,70,73,803,346,,,,,980,59,70,73,75.28125,32.4375
216513,59,70,73,802,342,,,,,990,59,70,73,75.1875,32.0625
216522,59,70,73,803,337,,,,,999,59,70,73,75.28125,31.59375
216533,59,70,73,803,333,,,,,1010,59,70,73,75.28125,31.21875
216543,59,70,73,802,329,,,,,1020,59,70,73,75.1875,30.84375
216552,59,70,73,803,325,,,,,1029,59,70,73,75.28125,30.46875
216563,58,70,73,802,322,,,,,1040,58,70,73,75.1875,30.1875
216573,56,70,73,803,319,,,,,1050,56,70,73,75.28125,29.90625
216583,54,70,73,802,317,,,,,1060,54,70,73,75.1875,29.71875
216593,52,70,73,803,313,,,,,1070,52,70,73,75.28125,29.34375
216603,49,70,73,803,310,,,,,1080,49,70,73,75.28125,29.0625
216612,49,70,73,803,308,,,,,1089,49,70,73,75.28125,28.875
216633,40,70,73,803,304,,,,,1110,40,70,73,75.28125,28.5
216642,40,70,73,803,302,,,,,1119,40,70,73,75.28125,28.3125
216653,34,70,73,803,300,,,,,1130,34,70,73,75.28125,28.125
216663,32,70,73,802,298,,,,,1140,32,70,73,75.1875,27.9375
216673,29,70,73,803,296,,,,,1150,29,70,73,75.28125,27.75
216683,27,70,73,802,293,,,,,1160,27,70,73,75.1875,27.46875
216693,24,70,73,803,292,,,,,1170,24,70,73,75.28125,27.375
216703,22,70,73,803,291,,,,,1180,22,70,73,75.28125,27.28125
216713,19,70,73,803,289,,,,,1190,19,70,73,75.28125,27.09375
216722,19,70,73,802,287,,,,,1199,19,70,73,75.1875,26.90625
216733,15,70,73,802,284,,,,,1210,15,70,73,75.1875,26.625
216743,13,70,73,802,281,,,,,1220,13,70,73,75.1875,26.34375
216753,12,70,73,802,277,,,,,1230,12,70,73,75.1875,25.96875
216763,11,70,73,802,273,,,,,1240,11,70,73,75.1875,25.59375
216773,9,70,73,803,269,,,,,1250,9,70,73,75.28125,25.21875
216783,9,70,73,802,265,,,,,1260,9,70,73,75.1875,24.84375
216793,8,70,73,803,260,,,,,1270,8,70,73,75.28125,24.375
216803,7,70,73,802,255,,,,,1280,7,70,73,75.1875,23.90625
216812,7,70,73,802,251,,,,,1289,7,70,73,75.1875,23.53125
216822,7,70,73,803,245,,,,,1299,7,70,73,75.28125,22.96875
216833,4,70,73,803,239,,,,,1310,4,70,73,75.28125,22.40625
216842,4,70,73,802,234,,,,,1319,4,70,73,75.1875,21.9375
216852,4,70,73,803,231,,,,,1329,4,70,73,75.28125,21.65625
216863,2,70,73,802,226,,,,,1340,2,70,73,75.1875,21.1875
216873,1,70,73,803,223,,,,,1350,1,70,73,75.28125,20.90625
216883,0,70,73,802,221,,,,,1360,0,70,73,75.1875,20.71875
216893,0,70,73,803,219,,,,,1370,0,70,73,75.28125,20.53125
216903,0,70,73,803,218,,,,,1380,0,70,73,75.28125,20.4375
216913,0,70,73,803,218,,,,,1390,0,70,73,75.28125,20.4375
216923,0,70,73,802,218,,,,,1400,0,70,73,75.1875,20.4375
216933,0,70,73,803,217,,,,,1410,0,70,73,75.28125,20.34375
216943,0,70,73,803,213,,,,,1420,0,70,73,75.28125,19.96875
216953,0,70,73,803,209,,,,,1430,0,70,73,75.28125,19.59375
216963,0,70,73,803,204,,,,,1440,0,70,73,75.28125,19.125
216973,0,70,73,802,199,,,,,1450,0,70,73,75.1875,18.65625
216993,0,70,73,803,198,,,,,1470,0,70,73,75.28125,18.5625
217003,0,70,73,802,198,,,,,1480,0,70,73,75.1875,18.5625
217013,0,70,73,803,198,,,,,1490,0,70,73,75.28125,18.5625
217022,0,70,73,803,198,,,,,1499,0,70,73,75.28125,18.5625
217033,0,70,73,803,197,,,,,1510,0,70,73,75.28125,18.46875
217043,0,70,73,802,198,,,,,1520,0,70,73,75.1875,18.5625
217053,0,70,73,803,198,,,,,1530,0,70,73,75.28125,18.5625
217063,0,70,73,802,198,,,,,1540,0,70,73,75.1875,18.5625
217073,0,70,73,802,198,,,,,1550,0,70,73,75.1875,18.5625
217083,0,70,73,802,197,,,,,1560,0,70,73,75.1875,18.46875
217093,0,70,73,802,198,,,,,1570,0,70,73,75.1875,18.5625
217103,0,70,73,803,198,,,,,1580,0,70,73,75.28125,18.5625
217113,0,70,73,802,198,,,,,1590,0,70,73,75.1875,18.5625
217123,0,70,73,803,196,,,,,1600,0,70,73,75.28125,18.375
217133,0,70,73,802,197,,,,,1610,0,70,73,75.1875,18.46875
217143,0,70,73,803,198,,,,,1620,0,70,73,75.28125,18.5625
217153,0,70,73,803,198,,,,,1630,0,70,73,75.28125,18.5625
217163,0,70,73,803,198,,,,,1640,0,70,73,75.28125,18.5625
217172,0,70,73,802,198,,,,,1649,0,70,73,75.1875,18.5625
217182,0,70,73,803,198,,,,,1659,0,70,73,75.28125,18.5625
217193,0,70,73,803,198,,,,,1670,0,70,73,75.28125,18.5625
217203,0,70,73,803,198,,,,,1680,0,70,73,75.28125,18.5625
217213,0,70,73,803,198,,,,,1690,0,70,73,75.28125,18.5625
217222,0,70,73,803,196,,,,,1699,0,70,73,75.28125,18.375
217233,2,70,73,803,198,,,,,1710,2,70,73,75.28125,18.5625
217242,2,70,73,803,198,,,,,1719,2,70,73,75.28125,18.5625
217252,2,70,73,803,196,,,,,1729,2,70,73,75.28125,18.375
217263,7,70,73,802,198,,,,,1740,7,70,73,75.1875,18.5625
217273,9,70,73,802,198,,,,,1750,9,70,73,75.1875,18.5625
217283,12,70,73,802,198,,,,,1760,12,70,73,75.1875,18.5625
217293,14,70,73,803,197,,,,,1770,14,70,73,75.28125,18.46875
217302,14,70,73,802,198,,,,,1779,14,70,73,75.1875,18.5625
217313,18,70,73,802,198,,,,,1790,18,70,73,75.1875,18.5625
217323,20,70,73,802,198,,,,,1800,20,70,73,75.1875,18.5625
217333,24,70,73,803,197,,,,,1810,24,70,73,75.28125,18.46875
217343,27,70,73,803,197,,,,,1820,27,70,73,75.28125,18.46875
217363,32,70,73,802,198,,,,,1840,32,70,73,75.1875,18.5625
217372,32,70,73,803,198,,,,,1849,32,70,73,75.28125,18.5625
217383,36,70,73,803,197,,,,,1860,36,70,73,75.28125,18.46875
217393,37,70,73,803,198,,,,,1870,37,70,73,75.28125,18.5625
217403,39,70,73,803,197,,,,,1880,39,70,73,75.28125,18.46875
217413,40,70,73,802,198,,,,,1890,40,70,73,75.1875,18.5625
217423,40,70,73,803,199,,,,,1900,40,70,73,75.28125,18.65625
217432,40,70,73,803,198,,,,,1909,40,70,73,75.28125,18.5625
217442,40,70,73,802,198,,,,,1919,40,70,73,75.1875,18.5625
217452,40,70,73,802,198,,,,,1929,40,70,73,75.1875,18.5625
217463,42,70,73,802,198,,,,,1940,42,70,73,75.1875,18.5625
217473,42,70,73,803,197,,,,,1950,42,70,73,75.28125,18.46875
217483,42,70,73,803,197,,,,,1960,42,70,73,75.28125,18.46875
217493,42,70,73,802,198,,,,,1970,42,70,73,75.1875,18.5625
217503,42,70,73,803,199,,,,,1980,42,70,73,75.28125,18.65625
217513,40,70,73,803,198,,,,,1990,40,70,73,75.28125,18.5625
217523,39,70,73,803,198,,,,,2000,39,70,73,75.28125,18.5625
217533,37,70,73,802,198,,,,,2010,37,70,73,75.1875,18.5625
217543,36,70,73,803,198,,,,,2020,36,70,73,75.28125,18.5625
217563,30,70,73,802,198,,,,,2040,30,70,73,75.1875,18.5625
217573,27,70,73,802,198,,,,,2050,27,70,73,75.1875,18.5625
217583,24,70,73,802,198,,,,,2060,24,70,73,75.1875,18.5625
217593,21,70,73,803,197,,,,,2070,21,70,73,75.28125,18.46875
217602,21,70,73,803,197,,,,,2079,21,70,73,75.28125,18.46875
217613,15,70,73,803,199,,,,,2090,15,70,73,75.28125,18.65625
217623,12,70,73,803,198,,,,,2100,12,70,73,75.28125,18.5625
217633,9,70,73,803,197,,,,,2110,9,70,73,75.28125,18.46875
217643,7,70,73,802,197,,,,,2120,7,70,73,75.1875,18.46875
217653,5,70,73,803,199,,,,,2130,5,70,73,75.28125,18.65625
217663,3,70,73,803,199,,,,,2140,3,70,73,75.28125,18.65625
217673,2,70,73,802,198,,,,,2150,2,70,73,75.1875,18.5625
217683,2,70,73,802,198,,,,,2160,2,70,73,75.1875,18.5625
217693,1,70,73,803,199,,,,,2170,1,70,73,75.28125,18.65625
217703,1,70,73,802,199,,,,,2180,1,70,73,75.1875,18.65625
217713,2,70,73,803,200,,,,,2190,2,70,73,75.28125,18.75
217733,6,70,73,803,199,,,,,2210,6,70,73,75.28125,18.65625
217742,6,70,73,803,200,,,,,2219,6,70,73,75.28125,18.75
217753,11,70,73,803,200,,,,,2230,11,70,73,75.28125,18.75
217763,14,70,73,803,201,,,,,2240,14,70,73,75.28125,18.84375
217772,14,70,73,803,200,,,,,2249,14,70,73,75.28125,18.75
217783,21,70,73,804,201,,,,,2260,21,70,73,75.375,18.84375
217793,26,70,73,803,200,,,,,2270,26,70,73,75.28125,18.75
217802,26,70,73,803,201,,,,,2279,26,70,73,75.28125,18.84375
217813,34,70,73,803,202,,,,,2290,34,70,73,75.28125,18.9375
217823,38,70,73,803,201,,,,,2300,38,70,73,75.28125,18.84375
217832,38,70,73,803,202,,,,,2309,38,70,73,75.28125,18.9375
217843,41,70,73,802,200,,,,,2320,41,70,73,75.1875,18.75
217853,42,70,73,803,201,,,,,2330,42,70,73,75.28125,18.84375
217863,42,70,73,803,201,,,,,2340,42,70,73,75.28125,18.84375
217873,42,70,73,802,202,,,,,2350,42,70,73,75.1875,18.9375
217883,41,70,73,803,202,,,,,2360,41,70,73,75.28125,18.9375
217893,40,70,73,802,203,,,,,2370,40,70,73,75.1875,19.03125
217903,40,70,73,803,203,,,,,2380,40,70,73,75.28125,19.03125
217913,37,70,73,803,204,,,,,2390,37,70,73,75.28125,19.125
217922,37,70,73,803,204,,,,,2399,37,70,73,75.28125,19.125
217943,31,70,73,802,205,,,,,2420,31,70,73,75.1875,19.21875
217952,31,70,73,803,206,,,,,2429,31,70,73,75.28125,19.3125
217963,25,70,73,802,204,,,,,2440,25,70,73,75.1875,19.125
217973,22,70,73,802,206,,,,,2450,22,70,73,75.1875,19.3125
217983,19,70,73,803,206,,,,,2460,19,70,73,75.28125,19.3125
217993,17,70,73,802,206,,,,,2470,17,70,73,75.1875,19.3125
218002,17,70,73,803,206,,,,,2479,17,70,73,75.28125,19.3125
218013,13,70,73,803,207,,,,,2490,13,70,73,75.28125,19.40625
218022,13,70,73,803,206,,,,,2499,13,70,73,75.28125,19.3125
218033,10,70,73,802,208,,,,,2510,10,70,73,75.1875,19.5
218043,9,70,73,802,208,,,,,2520,9,70,73,75.1875,19.5
218053,9,70,73,803,206,,,,,2530,9,70,73,75.28125,19.3125
218063,9,70,73,803,208,,,,,2540,9,70,73,75.28125,19.5
218073,9,70,73,803,207,,,,,2550,9,70,73,75.28125,19.40625
218082,9,70,73,802,208,,,,,2559,9,70,73,75.1875,19.5
218093,11,70,73,803,209,,,,,2570,11,70,73,75.28125,19.59375
218102,11,70,73,803,208,,,,,2579,11,70,73,75.28125,19.5
218113,16,70,73,803,209,,,,,2590,16,70,73,75.28125,19.59375
218123,19,70,73,802,209,,,,,2600,19,70,73,75.1875,19.59375
218133,23,70,73,803,210,,,,,2610,23,70,73,75.28125,19.6875
218153,32,70,73,803,211,,,,,2630,32,70,73,75.28125,19.78125
218162,32,70,73,803,210,,,,,2639,32,70,73,75.28125,19.6875
218173,40,70,73,803,211,,,,,2650,40,70,73,75.28125,19.78125
218183,43,70,73,802,211,,,,,2660,43,70,73,75.1875,19.78125
218193,45,70,73,803,213,,,,,2670,45,70,73,75.28125,19.96875
218203,47,70,73,803,215,,,,,2680,47,70,73,75.28125,20.15625
218212,47,70,73,803,219,,,,,2689,47,70,73,75.28125,20.53125
218223,49,70,73,803,221,,,,,2700,49,70,73,75.28125,20.71875
218233,50,70,73,803,222,,,,,2710,50,70,73,75.28125,20.8125
218243,50,70,73,802,221,,,,,2720,50,70,73,75.1875,20.71875
218252,50,70,73,803,223,,,,,2729,50,70,73,75.28125,20.90625
218263,50,70,73,802,224,,,,,2740,50,70,73,75.1875,21
218283,48,70,73,802,224,,,,,2760,48,70,73,75.1875,21
218292,48,70,73,802,224,,,,,2769,48,70,73,75.1875,21
218303,45,70,73,802,223,,,,,2780,45,70,73,75.1875,20.90625
218313,42,70,73,803,224,,,,,2790,42,70,73,75.28125,21
218323,39,70,73,802,224,,,,,2800,39,70,73,75.1875,21
218333,36,70,73,803,226,,,,,2810,36,70,73,75.28125,21.1875
218343,32,70,73,803,228,,,,,2820,32,70,73,75.28125,21.375
218353,29,70,73,803,228,,,,,2830,29,70,73,75.28125,21.375
218363,26,70,73,803,231,,,,,2840,26,70,73,75.28125,21.65625
218373,22,70,73,802,231,,,,,2850,22,70,73,75.1875,21.65625
218383,20,70,73,802,231,,,,,2860,20,70,73,75.1875,21.65625
218393,17,70,73,802,231,,,,,2870,17,70,73,75.1875,21.65625
218402,17,70,73,802,232,,,,,2879,17,70,73,75.1875,21.75
218413,13,70,73,803,231,,,,,2890,13,70,73,75.28125,21.65625
218423,11,70,73,802,233,,,,,2900,11,70,73,75.1875,21.84375
218433,9,70,73,803,232,,,,,2910,9,70,73,75.28125,21.75
218443,9,70,73,802,233,,,,,2920,9,70,73,75.1875,21.84375
218453,8,70,73,803,234,,,,,2930,8,70,73,75.28125,21.9375
218473,9,70,73,803,233,,,,,2950,9,70,73,75.28125,21.84375
218483,9,70,73,802,236,,,,,2960,9,70,73,75.1875,22.125
218493,11,70,73,803,235,,,,,2970,11,70,73,75.28125,22.03125
218502,11,70,73,803,238,,,,,2979,11,70,73,75.28125,22.3125
218513,16,70,73,802,237,,,,,2990,16,70,73,75.1875,22.21875
218523,19,70,73,802,239,,,,,3000,19,70,73,75.1875,22.40625
218533,22,70,73,802,239,,,,,3010,22,70,73,75.1875,22.40625
218543,27,70,73,803,241,,,,,3020,27,70,73,75.28125,22.59375
218553,31,70,73,803,242,,,,,3030,31,70,73,75.28125,22.6875
218563,35,70,73,802,242,,,,,3040,35,70,73,75.1875,22.6875
218572,35,70,73,803,243,,,,,3049,35,70,73,75.28125,22.78125
218583,43,70,73,803,243,,,,,3060,43,70,73,75.28125,22.78125
218593,46,70,73,802,243,,,,,3070,46,70,73,75.1875,22.78125
218603,49,70,73,803,244,,,,,3080,49,70,73,75.28125,22.875
218612,49,70,73,802,245,,,,,3089,49,70,73,75.1875,22.96875
218623,53,70,73,802,245,,,,,3100,53,70,73,75.1875,22.96875
218632,53,70,73,803,246,,,,,3109,53,70,73,75.28125,23.0625
218643,54,70,73,802,247,,,,,3120,54,70,73,75.1875,23.15625
218653,54,70,73,803,246,,,,,3130,54,70,73,75.28125,23.0625
218663,54,70,73,803,248,,,,,3140,54,70,73,75.28125,23.25
218673,54,70,73,803,247,,,,,3150,54,70,73,75.28125,23.15625
218683,54,70,73,803,248,,,,,3160,54,70,73,75.28125,23.25
218693,52,70,73,802,248,,,,,3170,52,70,73,75.1875,23.25
218702,52,70,73,803,248,,,,,3179,52,70,73,75.28125,23.25
218713,49,70,73,802,250,,,,,3190,49,70,73,75.1875,23.4375
218723,47,70,73,803,252,,,,,3200,47,70,73,75.28125,23.625
218743,41,70,73,803,262,,,,,3220,41,70,73,75.28125,24.5625
218752,41,70,73,803,271,,,,,3229,41,70,73,75.28125,25.40625
218763,35,70,73,803,284,,,,,3240,35,70,73,75.28125,26.625
218772,35,70,73,803,291,,,,,3249,35,70,73,75.28125,27.28125
218783,28,70,73,803,298,,,,,3260,28,70,73,75.28125,27.9375
218793,26,70,73,803,298,,,,,3270,26,70,73,75.28125,27.9375
218803,22,70,73,803,297,,,,,3280,22,70,73,75.28125,27.84375
218813,19,70,73,803,299,,,,,3290,19,70,73,75.28125,28.03125
218823,17,70,73,803,298,,,,,3300,17,70,73,75.28125,27.9375
218833,14,70,73,802,299,,,,,3310,14,70,73,75.1875,28.03125
218843,12,70,73,803,299,,,,,3320,12,70,73,75.28125,28.03125
218853,11,70,73,802,300,,,,,3330,11,70,73,75.1875,28.125
218863,9,70,73,803,300,,,,,3340,9,70,73,75.28125,28.125
218873,9,70,73,803,300,,,,,3350,9,70,73,75.28125,28.125
218883,9,70,73,803,301,,,,,3360,9,70,73,75.28125,28.21875
218892,9,70,73,803,301,,,,,3369,9,70,73,75.28125,28.21875
218903,9,70,73,803,302,,,,,3380,9,70,73,75.28125,28.3125
218913,11,70,73,802,302,,,,,3390,11,70,73,75.1875,28.3125
218923,13,70,73,803,303,,,,,3400,13,70,73,75.28125,28.40625
218933,16,70,73,803,303,,,,,3410,16,70,73,75.28125,28.40625
218942,16,70,73,802,304,,,,,3419,16,70,73,75.1875,28.5
218953,23,70,73,803,303,,,,,3430,23,70,73,75.28125,28.40625
218963,28,70,73,803,305,,,,,3440,28,70,73,75.28125,28.59375
218972,28,70,73,803,306,,,,,3449,28,70,73,75.28125,28.6875
218983,39,70,73,803,307,,,,,3460,39,70,73,75.28125,28.78125
218993,43,70,73,803,307,,,,,3470,43,70,73,75.28125,28.78125
219003,46,70,73,802,308,,,,,3480,46,70,73,75.1875,28.875
219013,49,70,73,803,308,,,,,3490,49,70,73,75.28125,28.875
219022,49,70,73,802,309,,,,,3499,49,70,73,75.1875,28.96875
219033,54,70,73,802,308,,,,,3510,54,70,73,75.1875,28.875
219043,54,70,73,803,310,,,,,3520,54,70,73,75.28125,29.0625
219053,56,70,73,803,310,,,,,3530,56,70,73,75.28125,29.0625
219062,56,70,73,803,311,,,,,3539,56,70,73,75.28125,29.15625
219073,56,70,73,803,310,,,,,3550,56,70,73,75.28125,29.0625
219083,56,70,73,803,311,,,,,3560,56,70,73,75.28125,29.15625
219093,55,70,73,803,311,,,,,3570,55,70,73,75.28125,29.15625
219102,55,70,73,803,311,,,,,3579,55,70,73,75.28125,29.15625
219113,53,70,73,803,310,,,,,3590,53,70,73,75.28125,29.0625
219123,51,70,73,802,311,,,,,3600,51,70,73,75.1875,29.15625
219143,47,70,73,802,313,,,,,3620,47,70,73,75.1875,29.34375
219152,47,70,73,803,312,,,,,3629,47,70,73,75.28125,29.25
219163,41,70,73,803,313,,,,,3640,41,70,73,75.28125,29.34375
219172,41,70,73,803,313,,,,,3649,41,70,73,75.28125,29.34375
219183,34,70,73,802,314,,,,,3660,34,70,73,75.1875,29.4375
219193,31,70,73,803,313,,,,,3670,31,70,73,75.28125,29.34375
219203,28,70,73,802,313,,,,,3680,28,70,73,75.1875,29.34375
219213,25,70,73,803,314,,,,,3690,25,70,73,75.28125,29.4375
219223,22,70,73,803,315,,,,,3700,22,70,73,75.28125,29.53125
219233,21,70,73,802,315,,,,,3710,21,70,73,75.1875,29.53125
219243,18,70,73,803,314,,,,,3720,18,70,73,75.28125,29.4375
219253,17,70,73,803,315,,,,,3730,17,70,73,75.28125,29.53125
219263,14,70,73,802,315,,,,,3740,14,70,73,75.1875,29.53125
219273,12,70,73,803,315,,,,,3750,12,70,73,75.28125,29.53125
219283,10,70,73,803,316,,,,,3760,10,70,73,75.28125,29.625
219293,9,70,73,803,317,,,,,3770,9,70,73,75.28125,29.71875
219303,7,70,73,802,317,,,,,3780,7,70,73,75.1875,29.71875
219312,7,70,73,802,317,,,,,3789,7,70,73,75.1875,29.71875
219323,5,70,73,803,319,,,,,3800,5,70,73,75.28125,29.90625
219333,5,70,73,802,318,,,,,3810,5,70,73,75.1875,29.8125
219343,5,70,73,803,318,,,,,3820,5,70,73,75.28125,29.8125
219353,5,70,73,803,318,,,,,3830,5,70,73,75.28125,29.8125
219363,5,70,73,802,318,,,,,3840,5,70,73,75.1875,29.8125
219373,5,70,73,803,319,,,,,3850,5,70,73,75.28125,29.90625
219383,6,70,73,803,319,,,,,3860,6,70,73,75.28125,29.90625
219392,6,70,73,803,320,,,,,3869,6,70,73,75.28125,30
219403,9,70,73,803,320,,,,,3880,9,70,73,75.28125,30
219413,12,70,73,802,322,,,,,3890,12,70,73,75.1875,30.1875
219423,15,70,73,802,322,,,,,3900,15,70,73,75.1875,30.1875
219432,15,70,73,803,325,,,,,3909,15,70,73,75.28125,30.46875
219453,28,70,73,803,329,,,,,3930,28,70,73,75.28125,30.84375
219462,28,70,73,803,336,,,,,3939,28,70,73,75.28125,31.5
219473,36,70,73,802,343,,,,,3950,36,70,73,75.1875,32.15625
219482,36,70,73,802,350,,,,,3959,36,70,73,75.1875,32.8125
219493,41,70,73,803,357,,,,,3970,41,70,73,75.28125,33.46875
219503,44,70,73,802,361,,,,,3980,44,70,73,75.1875,33.84375
219513,45,70,73,803,366,,,,,3990,45,70,73,75.28125,34.3125
219523,46,70,73,802,367,,,,,4000,46,70,73,75.1875,34.40625
219533,47,70,73,803,370,,,,,4010,47,70,73,75.28125,34.6875
219543,46,70,73,803,370,,,,,4020,46,70,73,75.28125,34.6875
219553,47,70,73,802,370,,,,,4030,47,70,73,75.1875,34.6875
219563,46,70,73,803,371,,,,,4040,46,70,73,75.28125,34.78125
219573,45,70,73,802,371,,,,,4050,45,70,73,75.1875,34.78125
219583,44,70,73,803,371,,,,,4060,44,70,73,75.28125,34.78125
219603,40,70,73,803,373,,,,,4080,40,70,73,75.28125,34.96875
219613,38,70,73,802,373,,,,,4090,38,70,73,75.1875,34.96875
219623,36,70,73,803,375,,,,,4100,36,70,73,75.28125,35.15625
219633,33,70,73,803,376,,,,,4110,33,70,73,75.28125,35.25
219642,33,70,73,803,377,,,,,4119,33,70,73,75.28125,35.34375
219653,27,70,73,803,377,,,,,4130,27,70,73,75.28125,35.34375
219663,25,70,73,803,378,,,,,4140,25,70,73,75.28125,35.4375
219673,22,70,73,802,379,,,,,4150,22,70,73,75.1875,35.53125
219682,22,70,73,802,380,,,,,4159,22,70,73,75.1875,35.625
219693,17,70,73,803,381,,,,,4170,17,70,73,75.28125,35.71875
219703,14,70,73,803,383,,,,,4180,14,70,73,75.28125,35.90625
219713,12,70,73,802,383,,,,,4190,12,70,73,75.1875,35.90625
219722,12,70,73,802,385,,,,,4199,12,70,73,75.1875,36.09375
219733,7,70,73,803,387,,,,,4210,7,70,73,75.28125,36.28125
219743,4,70,73,802,390,,,,,4220,4,70,73,75.1875,36.5625
219753,3,70,73,803,391,,,,,4230,3,70,73,75.28125,36.65625
219762,3,70,73,803,393,,,,,4239,3,70,73,75.28125,36.84375
219773,0,70,73,802,395,,,,,4250,0,70,73,75.1875,37.03125
219783,0,70,73,802,396,,,,,4260,0,70,73,75.1875,37.125
219793,0,70,73,803,400,,,,,4270,0,70,73,75.28125,37.5
219802,0,70,73,803,401,,,,,4279,0,70,73,75.28125,37.59375
219813,0,70,73,803,402,,,,,4290,0,70,73,75.28125,37.6875
219823,0,70,73,803,402,,,,,4300,0,70,73,75.28125,37.6875
219833,0,70,73,802,401,,,,,4310,0,70,73,75.1875,37.59375
219843,0,70,73,803,402,,,,,4320,0,70,73,75.28125,37.6875
219853,0,70,73,803,404,,,,,4330,0,70,73,75.28125,37.875
219863,2,70,73,803,405,,,,,4340,2,70,73,75.28125,37.96875
219873,4,70,73,803,406,,,,,4350,4,70,73,75.28125,38.0625
219883,7,70,73,803,407,,,,,4360,7,70,73,75.28125,38.15625
219893,11,70,73,803,407,,,,,4370,11,70,73,75.28125,38.15625
219903,14,70,73,802,409,,,,,4380,14,70,73,75.1875,38.34375
219913,18,70,73,803,410,,,,,4390,18,70,73,75.28125,38.4375
219923,22,70,73,803,410,,,,,4400,22,70,73,75.28125,38.4375
219932,22,70,73,803,414,,,,,4409,22,70,73,75.28125,38.8125
219942,22,70,73,803,417,,,,,4419,22,70,73,75.28125,39.09375
219953,33,70,73,802,421,,,,,4430,33,70,73,75.1875,39.46875
219963,36,70,73,802,427,,,,,4440,36,70,73,75.1875,40.03125
219973,38,70,73,802,435,,,,,4450,38,70,73,75.1875,40.78125
219983,40,70,73,803,444,,,,,4460,40,70,73,75.28125,41.625
219993,40,70,73,803,453,,,,,4470,40,70,73,75.28125,42.46875
220003,41,70,73,803,460,,,,,4480,41,70,73,75.28125,43.125
220013,41,70,73,802,465,,,,,4490,41,70,73,75.1875,43.59375
220023,40,70,73,802,470,,,,,4500,40,70,73,75.1875,44.0625
220033,40,70,73,803,474,,,,,4510,40,70,73,75.28125,44.4375
220043,40,70,73,802,475,,,,,4520,40,70,73,75.1875,44.53125
220053,38,70,73,802,477,,,,,4530,38,70,73,75.1875,44.71875
220063,36,70,73,803,478,,,,,4540,36,70,73,75.28125,44.8125
220083,32,70,73,803,484,,,,,4560,32,70,73,75.28125,45.375
220093,30,70,73,803,486,,,,,4570,30,70,73,75.28125,45.5625
220103,27,70,73,803,489,,,,,4580,27,70,73,75.28125,45.84375
220113,23,70,73,803,493,,,,,4590,23,70,73,75.28125,46.21875
220122,23,70,73,803,494,,,,,4599,23,70,73,75.28125,46.3125
220133,17,70,73,803,497,,,,,4610,17,70,73,75.28125,46.59375
220143,13,70,73,802,499,,,,,4620,13,70,73,75.1875,46.78125
220152,13,70,73,803,501,,,,,4629,13,70,73,75.28125,46.96875
220163,6,70,73,802,504,,,,,4640,6,70,73,75.1875,47.25
220173,4,70,73,803,505,,,,,4650,4,70,73,75.28125,47.34375
220183,1,70,73,802,509,,,,,4660,1,70,73,75.1875,47.71875
220193,0,70,73,803,511,,,,,4670,0,70,73,75.28125,47.90625
220202,0,70,73,802,513,,,,,4679,0,70,73,75.1875,48.09375
220213,0,70,73,802,516,,,,,4690,0,70,73,75.1875,48.375
220223,0,70,73,803,519,,,,,4700,0,70,73,75.28125,48.65625
220232,0,70,73,802,522,,,,,4709,0,70,73,75.1875,48.9375
220243,0,70,73,803,525,,,,,4720,0,70,73,75.28125,49.21875
220253,0,70,73,803,528,,,,,4730,0,70,73,75.28125,49.5
220263,0,70,73,803,531,,,,,4740,0,70,73,75.28125,49.78125
220272,0,70,73,803,534,,,,,4749,0,70,73,75.28125,50.0625
220283,0,70,73,802,535,,,,,4760,0,70,73,75.1875,50.15625
220293,0,70,73,803,539,,,,,4770,0,70,73,75.28125,50.53125
220303,1,70,73,802,541,,,,,4780,1,70,73,75.1875,50.71875
220313,4,70,73,803,544,,,,,4790,4,70,73,75.28125,51
220323,7,70,73,803,547,,,,,4800,7,70,73,75.28125,51.28125
220333,11,70,73,803,553,,,,,4810,11,70,73,75.28125,51.84375
220342,11,70,73,802,559,,,,,4819,11,70,73,75.1875,52.40625
220353,18,70,73,803,569,,,,,4830,18,70,73,75.28125,53.34375
220363,21,70,73,803,584,,,,,4840,21,70,73,75.28125,54.75
220373,25,70,73,802,601,,,,,4850,25,70,73,75.1875,56.34375
220383,29,70,73,803,619,,,,,4860,29,70,73,75.28125,58.03125
220393,32,68,71,803,632,,,,,4870,32,68,71,75.28125,59.25
220403,35,61,64,803,645,,,,,4880,35,61,64,75.28125,60.46875
220413,37,51,54,802,654,,,,,4890,37,51,54,75.1875,61.3125
220423,39,39,42,802,656,,,,,4900,39,39,42,75.1875,61.5
220433,40,29,30,803,658,,,,,4910,40,29,30,75.28125,61.6875
220443,41,25,23,803,657,,,,,4920,41,25,23,75.28125,61.59375
220453,42,26,24,803,657,,,,,4930,42,26,24,75.28125,61.59375
220463,42,31,29,802,657,,,,,4940,42,31,29,75.1875,61.59375
220473,42,38,36,802,659,,,,,4950,42,38,36,75.1875,61.78125
220483,43,44,42,803,659,,,,,4960,43,44,42,75.28125,61.78125
220493,42,46,45,802,659,,,,,4970,42,46,45,75.1875,61.78125
220503,42,45,46,803,660,,,,,4980,42,45,46,75.28125,61.875
220513,41,42,43,802,662,,,,,4990,41,42,43,75.1875,62.0625
220523,40,38,39,803,665,,,,,5000,40,38,39,75.28125,62.34375
220533,39,36,36,803,668,,,,,5010,39,36,36,75.28125,62.625
220543,37,35,34,803,670,,,,,5020,37,35,34,75.28125,62.8125
220553,35,34,33,803,671,,,,,5030,35,34,33,75.28125,62.90625
220563,32,34,33,802,672,,,,,5040,32,34,33,75.1875,63
220573,30,33,32,803,672,,,,,5050,30,33,32,75.28125,63
220583,27,31,30,802,674,,,,,5060,27,31,30,75.1875,63.1875
220593,23,27,26,803,679,,,,,5070,23,27,26,75.28125,63.65625
220603,20,23,23,803,681,,,,,5080,20,23,23,75.28125,63.84375
220613,17,18,18,803,686,,,,,5090,17,18,18,75.28125,64.3125
220623,14,14,14,803,693,,,,,5100,14,14,14,75.28125,64.96875
220633,11,10,10,803,698,,,,,5110,11,10,10,75.28125,65.4375
220643,9,8,7,802,702,,,,,5120,9,8,7,75.1875,65.8125
220653,7,6,5,803,707,,,,,5130,7,6,5,75.28125,66.28125
220663,5,5,4,803,710,,,,,5140,5,5,4,75.28125,66.5625
220673,3,3,3,803,712,,,,,5150,3,3,3,75.28125,66.75
220683,2,2,1,803,715,,,,,5160,2,2,1,75.28125,67.03125
220693,1,0,0,803,715,,,,,5170,1,0,0,75.28125,67.03125
220703,1,-2,-2,802,715,,,,,5180,1,-2,-2,75.1875,67.03125
220713,1,-2,-3,803,717,,,,,5190,1,-2,-3,75.28125,67.21875
220723,1,-3,-3,803,717,,,,,5200,1,-3,-3,75.28125,67.21875
220733,1,-3,-2,802,717,,,,,5210,1,-3,-2,75.1875,67.21875
220743,1,-3,-2,803,720,,,,,5220,1,-3,-2,75.28125,67.5
220753,1,-2,-2,802,724,,,,,5230,1,-2,-2,75.1875,67.875
220763,2,-1,-2,803,727,,,,,5240,2,-1,-2,75.28125,68.15625
220773,4,-1,-2,803,731,,,,,5250,4,-1,-2,75.28125,68.53125
220783,6,-1,-2,803,732,,,,,5260,6,-1,-2,75.28125,68.625
220793,9,0,0,803,733,,,,,5270,9,0,0,75.28125,68.71875
220803,12,3,3,803,735,,,,,5280,12,3,3,75.28125,68.90625
220813,15,7,6,802,734,,,,,5290,15,7,6,75.1875,68.8125
220822,15,11,10,802,735,,,,,5299,15,11,10,75.1875,68.90625
220833,23,15,14,802,736,,,,,5310,23,15,14,75.1875,69
220843,28,17,17,803,737,,,,,5320,28,17,17,75.28125,69.09375
220853,31,21,21,803,737,,,,,5330,31,21,21,75.28125,69.09375
220863,35,27,25,802,739,,,,,5340,35,27,25,75.1875,69.28125
220873,38,32,30,803,740,,,,,5350,38,32,30,75.28125,69.375
220883,40,36,35,803,740,,,,,5360,40,36,35,75.28125,69.375
220893,43,39,38,803,741,,,,,5370,43,39,38,75.28125,69.46875
220903,44,41,40,803,743,,,,,5380,44,41,40,75.28125,69.65625
220913,45,42,41,803,744,,,,,5390,45,42,41,75.28125,69.75
220923,46,43,42,803,746,,,,,5400,46,43,42,75.28125,69.9375
220933,47,43,43,803,745,,,,,5410,47,43,43,75.28125,69.84375
220943,47,43,43,802,745,,,,,5420,47,43,43,75.1875,69.84375
220953,47,43,44,803,744,,,,,5430,47,43,44,75.28125,69.75
220963,47,44,44,803,749,,,,,5440,47,44,44,75.28125,70.21875
220973,47,45,44,804,751,,,,,5450,47,45,44,75.375,70.40625
220983,45,45,44,803,751,,,,,5460,45,45,44,75.28125,70.40625
220993,44,45,43,803,755,,,,,5470,44,45,43,75.28125,70.78125
221003,43,44,42,804,758,,,,,5480,43,44,42,75.375,71.0625
221013,40,42,41,802,759,,,,,5490,40,42,41,75.1875,71.15625
221023,38,39,39,803,765,,,,,5500,38,39,39,75.28125,71.71875
221033,36,37,37,803,770,,,,,5510,36,37,37,75.28125,72.1875
221043,32,34,34,803,781,,,,,5520,32,34,34,75.28125,73.21875
221053,29,30,31,803,793,,,,,5530,29,30,31,75.28125,74.34375
221063,26,27,28,803,811,,,,,5540,26,27,28,75.28125,76.03125
221073,23,24,24,803,830,,,,,5550,23,24,24,75.28125,77.8125
221083,20,21,21,803,847,,,,,5560,20,21,21,75.28125,79.40625
221093,18,18,18,803,866,,,,,5570,18,18,18,75.28125,81.1875
221103,15,16,15,803,877,,,,,5580,15,16,15,75.28125,82.21875
221113,13,13,12,803,878,,,,,5590,13,13,12,75.28125,82.3125
221123,11,11,9,803,879,,,,,5600,11,11,9,75.28125,82.40625
221133,10,9,7,802,877,,,,,5610,10,9,7,75.1875,82.21875
221143,9,7,6,803,877,,,,,5620,9,7,6,75.28125,82.21875
221153,8,6,5,803,878,,,,,5630,8,6,5,75.28125,82.3125
221163,8,5,5,803,877,,,,,5640,8,5,5,75.28125,82.21875
221173,8,5,5,802,879,,,,,5650,8,5,5,75.1875,82.40625
221183,9,5,5,803,878,,,,,5660,9,5,5,75.28125,82.3125
221193,9,6,5,803,879,,,,,5670,9,6,5,75.28125,82.40625
221203,11,6,5,803,876,,,,,5680,11,6,5,75.28125,82.125
221213,13,7,6,804,879,,,,,5690,13,7,6,75.375,82.40625
221223,16,8,8,803,878,,,,,5700,16,8,8,75.28125,82.3125
221233,19,11,10,803,877,,,,,5710,19,11,10,75.28125,82.21875
221243,23,14,13,803,879,,,,,5720,23,14,13,75.28125,82.40625
221253,27,18,17,802,878,,,,,5730,27,18,17,75.1875,82.3125
221263,31,22,22,802,878,,,,,5740,31,22,22,75.1875,82.3125
221273,34,27,26,803,878,,,,,5750,34,27,26,75.28125,82.3125
221283,37,31,31,802,878,,,,,5760,37,31,31,75.1875,82.3125
221293,40,35,35,802,878,,,,,5770,40,35,35,75.1875,82.3125
221302,40,38,37,802,878,,,,,5779,40,38,37,75.1875,82.3125
221313,45,39,39,803,877,,,,,5790,45,39,39,75.28125,82.21875
221323,46,41,40,803,879,,,,,5800,46,41,40,75.28125,82.40625
221333,46,42,42,803,879,,,,,5810,46,42,42,75.28125,82.40625
221343,47,44,43,803,879,,,,,5820,47,44,43,75.28125,82.40625
221353,47,46,44,803,879,,,,,5830,47,46,44,75.28125,82.40625
221363,47,45,44,803,878,,,,,5840,47,45,44,75.28125,82.3125
221373,46,45,45,803,879,,,,,5850,46,45,45,75.28125,82.40625
221383,45,44,45,803,879,,,,,5860,45,44,45,75.28125,82.40625
221393,43,44,43,803,878,,,,,5870,43,44,43,75.28125,82.3125
221403,42,42,42,802,877,,,,,5880,42,42,42,75.1875,82.21875
221413,40,41,40,803,878,,,,,5890,40,41,40,75.28125,82.3125
221423,37,39,38,803,879,,,,,5900,37,39,38,75.28125,82.40625
221433,35,36,36,803,879,,,,,5910,35,36,36,75.28125,82.40625
221443,31,34,33,803,880,,,,,5920,31,34,33,75.28125,82.5
221453,28,31,30,803,880,,,,,5930,28,31,30,75.28125,82.5
221463,25,28,26,803,880,,,,,5940,25,28,26,75.28125,82.5
221473,22,24,23,802,879,,,,,5950,22,24,23,75.1875,82.40625
221483,18,20,20,803,878,,,,,5960,18,20,20,75.28125,82.3125
221493,16,16,16,803,880,,,,,5970,16,16,16,75.28125,82.5
221503,13,13,13,803,878,,,,,5980,13,13,13,75.28125,82.3125
221513,10,10,10,803,880,,,,,5990,10,10,10,75.28125,82.5
221523,8,8,7,803,881,,,,,6000,8,8,7,75.28125,82.59375
221533,5,6,5,802,878,,,,,6010,5,6,5,75.1875,82.3125
221543,3,3,2,802,879,,,,,6020,3,3,2,75.1875,82.40625
221553,1,0,0,802,879,,,,,6030,1,0,0,75.1875,82.40625
221563,0,-2,-2,803,881,,,,,6040,0,-2,-2,75.28125,82.59375
221573,0,-3,-3,803,879,,,,,6050,0,-3,-3,75.28125,82.40625
221583,0,-4,-4,803,879,,,,,6060,0,-4,-4,75.28125,82.40625
221593,0,-4,-4,803,879,,,,,6070,0,-4,-4,75.28125,82.40625
221603,0,-4,-3,803,880,,,,,6080,0,-4,-3,75.28125,82.5
